{"cameraMode":{"drawMode":0,"name":"Shaded","section":"Shading Mode"},"sceneLighting":true,"audioPlay":false,"sceneViewState":{"m_AlwaysRefresh":false,"showFog":true,"showSkybox":true,"showFlares":true,"showImageEffects":true,"showParticleSystems":true,"showVisualEffectGraphs":true,"m_FxEnabled":true},"in2DMode":false,"pivot":{"x":1.2865568399429322,"y":0.9999933242797852,"z":-9.593360900878907},"rotation":{"x":0.004932454787194729,"y":0.9789157509803772,"z":-0.20283202826976777,"w":0.023792531341314317},"size":5.44243049621582,"orthographic":true}